{
  "SimpleFCNN": {
    "train_losses": [
      0.34919827572429485,
      0.15576241818715386,
      0.11063826341293197,
      0.09377065722667761,
      0.07710495744712714,
      0.06736855485912428,
      0.057053951157712696,
      0.055112807717889664,
      0.04918790281936924,
      0.041248387173945106,
      0.039988012628416086,
      0.035626582650501636,
      0.036563597399455215,
      0.029888405733722458,
      0.03064727680491891
    ],
    "train_accuracies": [
      89.41333333333333,
      95.11,
      96.63166666666666,
      97.00833333333334,
      97.55333333333333,
      97.805,
      98.14833333333333,
      98.19333333333333,
      98.39166666666667,
      98.635,
      98.685,
      98.785,
      98.78166666666667,
      98.98,
      98.92833333333333
    ],
    "test_losses": [
      0.17352468023005468,
      0.11723160603866693,
      0.11824918948121334,
      0.09263126784509232,
      0.09706719649494418,
      0.07662248299334785,
      0.08726731110471717,
      0.08428818020109675,
      0.08329989186128094,
      0.0768455348139573,
      0.07264289498207464,
      0.10301516311635059,
      0.09038974649535071,
      0.09131581472309822,
      0.09493099410071704
    ],
    "test_accuracies": [
      94.74,
      96.15,
      96.04,
      97.2,
      96.96,
      97.68,
      97.29,
      97.49,
      97.42,
      97.69,
      97.85,
      97.08,
      97.53,
      97.56,
      97.6
    ],
    "best_test_acc": 97.85,
    "final_train_loss": 0.03064727680491891,
    "final_train_acc": 98.92833333333333,
    "final_test_loss": 0.09493099410071704,
    "final_test_acc": 97.6
  },
  "FCNNWithDropout": {
    "train_losses": [
      0.6014876790932501,
      0.3670997024297333,
      0.31499236773675693,
      0.2922295731569785,
      0.27472902365775503,
      0.2634271400124788,
      0.24694494040075268,
      0.24171655650125512,
      0.23634185101876634,
      0.2312989543472081,
      0.22247599441010052,
      0.2201883471302831,
      0.21459264202571626,
      0.20955045734331615,
      0.2070004320753091
    ],
    "train_accuracies": [
      81.15833333333333,
      89.13833333333334,
      90.67166666666667,
      91.35166666666667,
      91.81166666666667,
      92.26166666666667,
      92.67833333333333,
      92.82666666666667,
      92.94166666666666,
      93.14333333333333,
      93.485,
      93.44333333333333,
      93.63,
      93.83166666666666,
      93.78
    ],
    "test_losses": [
      0.2369830898323636,
      0.1982227609089463,
      0.20339962237834883,
      0.1472267939899692,
      0.14776506637642753,
      0.13390726053154475,
      0.13123355222759164,
      0.12220076189797585,
      0.12717791344224516,
      0.12161274744730864,
      0.1222914088729496,
      0.11315401047609071,
      0.11042944636662301,
      0.11727521724816913,
      0.10776591922117955
    ],
    "test_accuracies": [
      92.63,
      93.94,
      93.58,
      95.38,
      95.59,
      95.77,
      95.92,
      96.2,
      96.27,
      96.19,
      96.36,
      96.51,
      96.47,
      96.49,
      96.74
    ],
    "best_test_acc": 96.74,
    "final_train_loss": 0.2070004320753091,
    "final_train_acc": 93.78,
    "final_test_loss": 0.10776591922117955,
    "final_test_acc": 96.74
  }
}